CHROM,POS,REF,ALT,GENE,Biopsy,Plasma_001,Plasma_002,Plasma_003,Plasma_004,Plasma_005,Plasma_006,Plasma_007,Plasma_008,Plasma_009,Plasma_010
chr1,949425,C,T,ISG15,0.319,0.025268603263032232,0.026,NA,NA,NA,0.004304,0.04103479036574487,0.027,0.048743907011623545,0.067
chr1,17736535,G,A,RCC2,0.274,0.027,0.047,NA,NA,NA,0.011,0.042,0.016,0.052,0.047
chr1,24447800,A,T,IL22RA1,0.127,0.03650860260176248,0.04,NA,NA,0.005584,NA,0.02869055891988484,0.03,0.05,0.037
chr1,154185095,G,A,C1orf43,0.06964006259780908,0.041,0.059,NA,NA,NA,NA,0.066,0.06458974104573867,0.076,0.09
chr1,159273771,G,A,FCER1A,0.113,0.049,0.046,NA,NA,NA,NA,0.041,NA,0.057,0.046
chr1,159779293,C,T,FCRL6,0.226,0.041,0.074,NA,NA,NA,NA,0.075,0.056,0.078,0.106
chr1,159779294,C,T,FCRL6,0.126,0.021,0.08883875819099796,NA,NA,NA,NA,0.075,0.056,0.078,0.09833686795401272
chr1,180904520,C,T,KIAA1614,0.275,0.077,0.064,NA,NA,NA,NA,0.077,0.063,0.064,0.119
chr1,203317277,G,A,FMOD,0.204,0.053,0.048,NA,NA,NA,0.022,0.049,0.045,0.05,0.0762850805284984
chr1,206318401,G,A,CTSE,0.2978828163466273,0.0719070133963751,0.09,NA,NA,NA,NA,0.06939659415296781,0.08709328614961172,0.101,0.143
chr1,227947039,C,T,SNAP47,0.065,0.019,0.049,NA,NA,NA,NA,0.05487161449173408,0.016,0.081,0.062
chr1,237947722,C,T,RYR2,0.349,0.081,0.08,NA,NA,NA,NA,0.051,0.048,0.09732620320855614,0.124
chr1,241099988,C,T,RGS7,0.033,0.051,0.053,NA,NA,NA,0.019,0.054,0.044,0.114,0.082
chr1,248756342,G,A,OR2T10,0.044,NA,0.035,NA,NA,NA,0.004321,0.028,NA,0.042,0.06416275430359937
chr10,37508127,C,T,ANKRD30A,0.3729786124152321,0.04875986471251409,0.04604966139954853,NA,NA,NA,NA,0.012,0.015,0.052534562211981564,0.074
chr10,52570806,G,A,A1CF,0.255,0.03775770210794533,0.042,NA,NA,NA,NA,0.025,0.021,0.07241606319947334,0.05231366627116816
chr10,129242444,A,G,DOCK1,0.314,0.03493191237418591,0.054,NA,NA,NA,NA,0.016,0.03234758477148556,0.044,0.06318458417849898
chr11,117279703,C,G,CEP164,NA,NA,NA,NA,NA,NA,NA,NA,NA,NA,NA
chr11,117985972,G,A,TMPRSS4,0.033,0.00645,0.006104,NA,NA,NA,0.005305,NA,0.028,0.006572,0.031
chr12,16055887,C,T,STRAP,0.092,NA,NA,NA,NA,NA,NA,NA,NA,NA,0.015
chr12,21028288,C,T,SLCO1B3,0.13,0.019,0.017,NA,NA,NA,0.005952,0.05038903297517599,0.02473426001635323,0.049,0.022
chr12,70049462,C,T,BEST3,0.069,NA,NA,NA,NA,NA,NA,0.005814,NA,0.015,0.017
chr12,80936113,A,G,PTPRQ,NA,0.015,0.036093418259023353,NA,NA,NA,NA,0.027940669196274578,0.018,0.03717472118959108,0.036
chr12,81568661,G,A,ACSS3,0.262,0.034,0.038,NA,NA,NA,0.009498,0.024,0.018,0.017,0.027
chr13,33591114,G,A,KL,0.242,0.017,0.016,NA,NA,0.005186,NA,0.026,0.026,0.05,0.07
chr13,77531764,G,A,IRG1,0.13636857546452244,0.03757563927386297,0.028,NA,NA,NA,NA,0.021,0.032286817866693074,0.024,0.034
chr14,77715210,C,T,TMEM63C,0.156,0.011,0.009826,NA,NA,NA,NA,0.005545,0.016,0.023,0.022
chr14,103996524,A,C,TRMT61A,NA,NA,NA,NA,NA,NA,NA,NA,NA,NA,NA
chr15,40662020,C,T,DISP2,NA,0.011,0.014,NA,NA,NA,NA,0.022697407717118624,0.054,0.005051,0.045
chr15,100591903,G,A,ADAMTS17,0.152,0.019,0.02,NA,NA,NA,NA,0.016,0.009774,0.034,0.015
chr16,2867829,C,T,PRSS21,0.223,0.023,0.027,NA,NA,NA,NA,0.033,0.034,0.04118616144975288,0.052
chr16,31106910,C,T,VKORC1,0.201,0.012,0.013,NA,NA,NA,NA,0.007123,0.021,0.042,0.018
chr16,31106911,C,T,VKORC1,0.113,0.006027,0.006429,NA,NA,NA,NA,0.003636,0.011,0.022,0.009253
chr17,4577955,G,A,AC091153.1,0.301,0.023,0.041,NA,NA,NA,0.008169,0.028,0.019,0.039,0.015
chr17,7807191,C,T,CHD3,0.176,0.030752388535031847,0.042,NA,NA,NA,NA,0.032,0.027522935779816515,0.035,0.081
chr17,12663972,G,A,MYOCD,0.957,0.005603,0.028,NA,NA,NA,0.004978,0.016,0.022,0.037,0.02
chr17,34249677,G,A,RDM1,0.2563619227144204,0.012,0.037138927097661624,NA,NA,NA,0.004235,0.016,0.017,0.029,0.043
chr17,61557775,C,T,ACE,0.22649842271293374,0.04383758533956163,0.05541687468796805,NA,NA,NA,0.02,0.04769874476987448,0.034,0.059,0.098
chr17,73492511,C,T,KIAA0195,0.191,0.021,0.029,NA,NA,NA,NA,0.034,0.027,NA,0.053
chr17,76510980,C,A,DNAH17,0.381,0.022,0.02,NA,NA,NA,NA,0.03312244138444362,0.047,0.034,0.048
chr18,28993050,G,A,DSG4,0.326,0.026,0.04,NA,NA,NA,0.012,0.044,0.025,0.09552733296521258,0.088
chr19,7911495,C,T,EVI5L,0.154,0.029,0.039,NA,NA,0.007028,NA,0.032,0.027,0.02,0.043
chr19,17394637,A,C,ANKLE1,NA,NA,NA,NA,NA,NA,NA,NA,NA,NA,NA
chr19,35843182,C,T,FFAR1,0.174,0.029,0.027,NA,NA,NA,NA,0.023,0.027826445429248687,0.06997742663656885,0.057
chr19,46307734,C,T,RSPH6A,0.265,0.017,0.02,NA,NA,NA,NA,0.036,0.031,0.046,0.033
chr2,1926096,G,A,MYT1L,0.663,0.009082,0.017,NA,NA,NA,NA,0.007188,0.011,NA,0.03
chr2,113783769,C,T,IL36B,0.127,0.011,0.007527,NA,NA,NA,NA,0.006082,0.00428,0.01,0.012
chr2,168099832,C,T,XIRP2,0.052,0.033,0.013,NA,NA,0.009836,NA,0.025,0.023,0.082,0.059
chr2,169938062,G,A,DHRS9,0.327,0.015,0.011,NA,NA,NA,NA,NA,NA,NA,0.027
chr2,179500199,C,T,TTN,0.4387846291331546,0.035,NA,NA,NA,NA,NA,0.02,0.014,0.055,0.043
chr2,179612258,C,T,TTN,0.318237831176833,0.03899319166494739,0.054,NA,NA,NA,NA,0.011,0.025,0.053,0.057
chr2,232457666,G,A,C2orf57,0.2851727042965459,0.041,0.013,NA,NA,NA,NA,0.0388923459863099,0.027,0.04892966360856269,0.054
chr20,17475228,C,G,BFSP1,0.171,0.036414565826330535,0.06,NA,NA,NA,0.008491,0.025477707006369428,0.03696741854636591,0.13,0.13078309633486881
chr20,33583295,G,A,MYH7B,0.3061867639741251,0.013,0.017,NA,NA,NA,NA,0.018,0.03,0.024,0.04
chr20,40757461,G,A,PTPRT,0.19346116027531957,NA,0.004561,NA,NA,NA,NA,0.011,0.003149,NA,0.008997
chr3,131268886,G,A,CPNE4,0.11,0.019,0.006776,NA,NA,NA,0.009567,0.019,0.014,0.027,0.028
chr3,184093315,C,T,THPO,0.21881929046563192,0.022,0.022,NA,NA,NA,0.009189,NA,NA,0.018,0.03128956411647676
chr3,184093316,C,T,THPO,0.073,0.022,0.024,NA,NA,NA,0.011,NA,NA,0.018,NA
chr4,20521064,C,T,SLIT2,0.2740056247488951,0.029,0.047619047619047616,NA,NA,NA,NA,0.026,NA,0.032,NA
chr4,40434856,G,A,RBM47,0.30895207475133124,0.052908547859479446,0.048,NA,NA,0.00858,0.006373,0.036,0.031,0.05693261037955073,0.078
chr4,96761849,G,A,PDHA2,0.204,NA,NA,NA,NA,NA,NA,NA,0.04844942039036956,0.03766160764474424,0.044
chr4,115767080,G,A,NDST4,0.16,0.056,0.032,NA,NA,0.005733,0.017,0.03067484662576687,0.024,0.063,0.057
chr4,123274229,C,T,KIAA1109,0.281,0.018,NA,NA,NA,NA,NA,0.03,0.019,0.035,0.043
chr4,157689026,A,C,PDGFC,0.30451027488657595,0.025,0.036,NA,NA,NA,0.001922,0.011,0.016,0.078,0.042
chr4,187455610,C,T,MTNR1A,0.215,0.024,0.024,NA,NA,NA,0.006006,0.012,0.021,0.049,0.042
chr5,13769624,C,T,DNAH5,0.186,0.0357864941366761,0.036,NA,NA,NA,NA,0.021,0.023,0.049,0.038
chr5,41012789,C,T,HEATR7B2,0.503,0.025,0.042,NA,NA,NA,NA,0.027,0.026,0.044,0.051
chr5,121786545,G,A,SNCAIP,0.3653571428571429,0.015,0.021,NA,NA,NA,0.002163,0.023,0.028,0.03,0.061
chr6,31778449,G,A,HSPA1L,0.206,0.023,0.018,NA,NA,NA,NA,0.019,0.023,0.024,0.037
chr6,36930899,G,A,PI16,0.145,0.006605,0.021,NA,NA,NA,NA,0.013,0.013,0.063,0.046
chr6,49676866,G,A,CRISP2,0.4086322869955157,0.046,0.043121149897330596,NA,NA,0.006783,NA,0.03,0.027,0.086,0.10486778846153846
chr6,150713596,G,A,IYD,0.212,0.014,0.015,NA,NA,NA,NA,NA,NA,0.032,NA
chr7,1488364,G,A,MICALL2,0.4376830458835015,0.059,0.062,NA,NA,NA,0.012,0.067,0.05,0.067,0.054
chr7,27140454,G,A,HOXA2,0.11838790931989925,NA,0.00987,NA,NA,NA,NA,0.039,0.033,0.025,0.049201992477381315
chr7,73609573,C,T,EIF4H,0.326,NA,NA,NA,NA,NA,NA,NA,0.06,0.11790123456790123,0.101
chr7,100054505,G,A,C7orf61,0.44951076320939337,0.033,0.04,NA,NA,NA,0.004212,0.02,0.05750224618149147,0.053,0.113
chr7,100364214,C,T,ZAN,0.34,0.057,0.048,NA,NA,NA,NA,0.0461580605396521,0.05310385407472786,0.06,0.058
chr7,100686452,C,T,MUC17,0.445,0.06878306878306878,0.1,NA,NA,0.007543,0.01,0.028,0.034,0.068,0.089
chr7,140453136,A,T,BRAF,0.3085946851807517,0.046,0.026,NA,NA,NA,NA,0.042,0.036,0.062,0.082
chr7,140453137,C,T,BRAF,0.202,0.046,0.026,NA,NA,NA,NA,0.042,0.018,0.062,0.082
chr7,143657981,G,A,OR2F1,NA,0.035,0.026,NA,NA,NA,NA,0.015,0.022,0.056,0.05570949394779058
chr7,155150364,C,T,BLACE,NA,0.023,0.033,0.016,0.033,0.02,0.028,0.016,0.025,0.031,0.029
chr8,2887033,C,T,CSMD1,0.484,0.09693994062571364,0.094,NA,NA,NA,NA,0.05788032850997262,0.09807010634107917,0.146,0.12626764764366674
chr8,3224583,G,A,CSMD1,0.085,0.018,0.019,NA,NA,NA,0.007137,0.014,0.023,0.029,0.043
chr8,3474239,C,T,CSMD1,0.3085476025017373,0.051528878822197054,0.096,NA,NA,NA,NA,0.02,0.027,0.097,0.118
chr8,24259525,C,T,ADAMDEC1,0.313,0.066,0.085,NA,NA,NA,0.024,0.03572632288506909,0.026,0.08,0.158
chr8,35608131,C,T,UNC5D,0.557,0.08515766218116087,0.14178403755868543,NA,NA,NA,0.028969636635141863,0.05307669874599009,0.043,0.15997078159240322,0.10113247300500396
chr8,39694663,C,T,ADAM2,0.33007334963325186,0.047,0.0398936170212766,NA,NA,NA,NA,0.062,0.044,0.125,0.082
chr8,53084445,C,T,ST18,0.157,0.063,0.015,NA,NA,0.006322,NA,0.013,0.033,0.108,0.137
chr8,99960603,C,T,OSR2,0.5603448275862069,0.096,0.103,0.007653,NA,NA,0.017,0.083,0.081,0.179,0.178
chr8,110437383,C,T,PKHD1L1,0.369,0.041,0.052,NA,NA,NA,0.019,0.049,0.08072916666666667,0.133,0.126
chr8,113323219,G,A,CSMD3,0.376,0.078,0.11444521981856245,NA,NA,NA,NA,0.072,0.07094459944200877,0.12,0.131
chr8,116616497,G,A,TRPS1,0.4544959128065395,0.095,0.121,NA,NA,0.017,0.03,0.07565915170042033,0.091,0.213,0.181
chr8,136569778,C,T,KHDRBS3,0.436,0.059,0.115,NA,NA,NA,NA,0.075,0.034,0.106,0.134
chr9,125438375,G,A,OR1L3,0.203,0.028,0.034129019530479386,NA,NA,NA,0.006013,0.027,0.024,0.05974607916355489,0.049
