SAMPLEID,TIME,PURITY,MUTID,CHROM,POS,REF,ALT,GENE,R,r,CNn,CNt
P01,-7,0.1,chr1:949425:C:T,chr1,949425,C,T,ISG15,7993,202,2,2
P01,-7,0.1,chr1:17736535:G:A,chr1,17736535,G,A,RCC2,7988,216,2,2
P01,-7,0.1,chr1:154185095:G:A,chr1,154185095,G,A,C1orf43,7903,324,2,2
P01,-7,0.1,chr1:159273771:G:A,chr1,159273771,G,A,FCER1A,2864,140,2,2
P01,-7,0.1,chr1:203317277:G:A,chr1,203317277,G,A,FMOD,3102,164,2,2
P01,-7,0.1,chr1:227947039:C:T,chr1,227947039,C,T,SNAP47,7619,145,2,2
P01,-7,0.1,chr1:241099988:C:T,chr1,241099988,C,T,RGS7,5681,290,2,2
P01,-7,0.1,chr1:248756342:G:A,chr1,248756342,G,A,OR2T10,1386,0,2,2
P01,-7,0.1,chr10:37508127:C:T,chr10,37508127,C,T,ANKRD30A,1410,69,2,2
P01,-7,0.1,chr10:52570806:G:A,chr10,52570806,G,A,A1CF,4317,163,2,2
P01,-7,0.1,chr11:117985972:G:A,chr11,117985972,G,A,TMPRSS4,6934,45,2,2
P01,-7,0.1,chr12:16055887:C:T,chr12,16055887,C,T,STRAP,5701,0,2,2
P01,-7,0.1,chr12:21028288:C:T,chr12,21028288,C,T,SLCO1B3,6698,127,2,2
P01,-7,0.1,chr12:81568661:G:A,chr12,81568661,G,A,ACSS3,7998,272,2,2
P01,-7,0.1,chr13:77531764:G:A,chr13,77531764,G,A,IRG1,7949,299,2,2
P01,-7,0.1,chr14:77715210:C:T,chr14,77715210,C,T,TMEM63C,7988,88,2,2
P01,-7,0.1,chr15:40662020:C:T,chr15,40662020,C,T,DISP2,7991,88,2,2
P01,-7,0.1,chr15:100591903:G:A,chr15,100591903,G,A,ADAMTS17,7091,135,2,2
P01,-7,0.1,chr16:2867829:C:T,chr16,2867829,C,T,PRSS21,4155,96,2,2
P01,-7,0.1,chr16:31106910:C:T,chr16,31106910,C,T,VKORC1,6807,82,2,2
P01,-7,0.1,chr16:31106911:C:T,chr16,31106911,C,T,VKORC1,6647,40,2,2
P01,-7,0.1,chr17:4577955:G:A,chr17,4577955,G,A,AC091153.1,6172,142,2,2
P01,-7,0.1,chr17:12663972:G:A,chr17,12663972,G,A,MYOCD,5641,32,2,2
P01,-7,0.1,chr17:34249677:G:A,chr17,34249677,G,A,RDM1,4047,49,2,2
P01,-7,0.1,chr17:61557775:C:T,chr17,61557775,C,T,ACE,1360,60,2,2
P01,-7,0.1,chr17:76510980:C:A,chr17,76510980,C,A,DNAH17,7747,170,2,2
P01,-7,0.1,chr18:28993050:G:A,chr18,28993050,G,A,DSG4,6434,167,2,2
P01,-7,0.1,chr19:35843182:C:T,chr19,35843182,C,T,FFAR1,5121,149,2,2
P01,-7,0.1,chr19:46307734:C:T,chr19,46307734,C,T,RSPH6A,5082,86,2,2
P01,-7,0.1,chr2:1926096:G:A,chr2,1926096,G,A,MYT1L,7381,67,2,2
P01,-7,0.1,chr2:113783769:C:T,chr2,113783769,C,T,IL36B,7509,83,2,2
P01,-7,0.1,chr2:169938062:G:A,chr2,169938062,G,A,DHRS9,7985,120,2,2
P01,-7,0.1,chr2:179612258:C:T,chr2,179612258,C,T,TTN,4847,189,2,2
P01,-7,0.1,chr20:17475228:C:G,chr20,17475228,C,G,BFSP1,6426,234,2,2
P01,-7,0.1,chr20:33583295:G:A,chr20,33583295,G,A,MYH7B,7992,104,2,2
P01,-7,0.1,chr20:40757461:G:A,chr20,40757461,G,A,PTPRT,6734,0,2,2
P01,-7,0.1,chr3:131268886:G:A,chr3,131268886,G,A,CPNE4,7681,146,2,2
P01,-7,0.1,chr3:184093315:C:T,chr3,184093315,C,T,THPO,2305,51,2,2
P01,-7,0.1,chr3:184093316:C:T,chr3,184093316,C,T,THPO,2311,51,2,2
P01,-7,0.1,chr4:20521064:C:T,chr4,20521064,C,T,SLIT2,6955,202,2,2
P01,-7,0.1,chr4:40434856:G:A,chr4,40434856,G,A,RBM47,7031,372,2,2
P01,-7,0.1,chr4:96761849:G:A,chr4,96761849,G,A,PDHA2,6838,0,2,2
P01,-7,0.1,chr4:115767080:G:A,chr4,115767080,G,A,NDST4,7957,446,2,2
P01,-7,0.1,chr4:157689026:A:C,chr4,157689026,A,C,PDGFC,6457,161,2,2
P01,-7,0.1,chr4:187455610:C:T,chr4,187455610,C,T,MTNR1A,7997,192,2,2
P01,-7,0.1,chr5:13769624:C:T,chr5,13769624,C,T,DNAH5,4947,177,2,2
P01,-7,0.1,chr5:121786545:G:A,chr5,121786545,G,A,SNCAIP,1945,29,2,2
P01,-7,0.1,chr6:31778449:G:A,chr6,31778449,G,A,HSPA1L,2850,66,2,2
P01,-7,0.1,chr6:36930899:G:A,chr6,36930899,G,A,PI16,7879,52,2,2
P01,-7,0.1,chr7:1488364:G:A,chr7,1488364,G,A,MICALL2,4099,242,2,2
P01,-7,0.1,chr7:100054505:G:A,chr7,100054505,G,A,C7orf61,7990,264,2,2
P01,-7,0.1,chr7:100686452:C:T,chr7,100686452,C,T,MUC17,189,13,2,2
P01,-7,0.1,chr7:140453136:A:T,chr7,140453136,A,T,BRAF,7945,365,2,2
P01,-7,0.1,chr7:140453137:C:T,chr7,140453137,C,T,BRAF,7946,366,2,2
P01,-7,0.1,chr7:155150364:C:T,chr7,155150364,C,T,BLACE,4980,115,2,2
P01,-7,0.1,chr8:3224583:G:A,chr8,3224583,G,A,CSMD1,7985,144,2,2
P01,-7,0.1,chr8:24259525:C:T,chr8,24259525,C,T,ADAMDEC1,7961,525,2,2
P01,-7,0.1,chr8:35608131:C:T,chr8,35608131,C,T,UNC5D,2773,236,2,2
P01,-7,0.1,chr8:39694663:C:T,chr8,39694663,C,T,ADAM2,3877,182,2,2
P01,-7,0.1,chr8:99960603:C:T,chr8,99960603,C,T,OSR2,3145,302,2,2
P01,-7,0.1,chr8:110437383:C:T,chr8,110437383,C,T,PKHD1L1,2336,96,2,2
P01,-7,0.1,chr8:116616497:G:A,chr8,116616497,G,A,TRPS1,7888,749,2,2
P01,-7,0.1,chr9:125438375:G:A,chr9,125438375,G,A,OR1L3,7990,224,2,2
P02,0,0.1,chr1:949425:C:T,chr1,949425,C,T,ISG15,7988,208,2,2
P02,0,0.1,chr1:17736535:G:A,chr1,17736535,G,A,RCC2,2719,128,2,2
P02,0,0.1,chr1:154185095:G:A,chr1,154185095,G,A,C1orf43,1771,104,2,2
P02,0,0.1,chr1:159273771:G:A,chr1,159273771,G,A,FCER1A,6162,283,2,2
P02,0,0.1,chr1:203317277:G:A,chr1,203317277,G,A,FMOD,2639,127,2,2
P02,0,0.1,chr1:227947039:C:T,chr1,227947039,C,T,SNAP47,1963,96,2,2
P02,0,0.1,chr1:241099988:C:T,chr1,241099988,C,T,RGS7,440,23,2,2
P02,0,0.1,chr1:248756342:G:A,chr1,248756342,G,A,OR2T10,2274,80,2,2
P02,0,0.1,chr10:37508127:C:T,chr10,37508127,C,T,ANKRD30A,2221,102,2,2
P02,0,0.1,chr10:52570806:G:A,chr10,52570806,G,A,A1CF,408,17,2,2
P02,0,0.1,chr11:117985972:G:A,chr11,117985972,G,A,TMPRSS4,3594,22,2,2
P02,0,0.1,chr12:16055887:C:T,chr12,16055887,C,T,STRAP,283,0,2,2
P02,0,0.1,chr12:21028288:C:T,chr12,21028288,C,T,SLCO1B3,518,9,2,2
P02,0,0.1,chr12:81568661:G:A,chr12,81568661,G,A,ACSS3,4064,154,2,2
P02,0,0.1,chr13:77531764:G:A,chr13,77531764,G,A,IRG1,6159,172,2,2
P02,0,0.1,chr14:77715210:C:T,chr14,77715210,C,T,TMEM63C,4169,41,2,2
P02,0,0.1,chr15:40662020:C:T,chr15,40662020,C,T,DISP2,2222,31,2,2
P02,0,0.1,chr15:100591903:G:A,chr15,100591903,G,A,ADAMTS17,1181,24,2,2
P02,0,0.1,chr16:2867829:C:T,chr16,2867829,C,T,PRSS21,5472,148,2,2
P02,0,0.1,chr16:31106910:C:T,chr16,31106910,C,T,VKORC1,3150,41,2,2
P02,0,0.1,chr16:31106911:C:T,chr16,31106911,C,T,VKORC1,3115,20,2,2
P02,0,0.1,chr17:4577955:G:A,chr17,4577955,G,A,AC091153.1,1424,58,2,2
P02,0,0.1,chr17:12663972:G:A,chr17,12663972,G,A,MYOCD,877,25,2,2
P02,0,0.1,chr17:34249677:G:A,chr17,34249677,G,A,RDM1,725,27,2,2
P02,0,0.1,chr17:61557775:C:T,chr17,61557775,C,T,ACE,2004,111,2,2
P02,0,0.1,chr17:76510980:C:A,chr17,76510980,C,A,DNAH17,3013,60,2,2
P02,0,0.1,chr18:28993050:G:A,chr18,28993050,G,A,DSG4,636,25,2,2
P02,0,0.1,chr19:35843182:C:T,chr19,35843182,C,T,FFAR1,5290,143,2,2
P02,0,0.1,chr19:46307734:C:T,chr19,46307734,C,T,RSPH6A,2720,54,2,2
P02,0,0.1,chr2:1926096:G:A,chr2,1926096,G,A,MYT1L,1922,33,2,2
P02,0,0.1,chr2:113783769:C:T,chr2,113783769,C,T,IL36B,1681,13,2,2
P02,0,0.1,chr2:169938062:G:A,chr2,169938062,G,A,DHRS9,2224,24,2,2
P02,0,0.1,chr2:179612258:C:T,chr2,179612258,C,T,TTN,1130,61,2,2
P02,0,0.1,chr20:17475228:C:G,chr20,17475228,C,G,BFSP1,1354,81,2,2
P02,0,0.1,chr20:33583295:G:A,chr20,33583295,G,A,MYH7B,4725,80,2,2
P02,0,0.1,chr20:40757461:G:A,chr20,40757461,G,A,PTPRT,7183,33,2,2
P02,0,0.1,chr3:131268886:G:A,chr3,131268886,G,A,CPNE4,3060,21,2,2
P02,0,0.1,chr3:184093315:C:T,chr3,184093315,C,T,THPO,3855,85,2,2
P02,0,0.1,chr3:184093316:C:T,chr3,184093316,C,T,THPO,3864,93,2,2
P02,0,0.1,chr4:20521064:C:T,chr4,20521064,C,T,SLIT2,525,25,2,2
P02,0,0.1,chr4:40434856:G:A,chr4,40434856,G,A,RBM47,3803,183,2,2
P02,0,0.1,chr4:96761849:G:A,chr4,96761849,G,A,PDHA2,1669,0,2,2
P02,0,0.1,chr4:115767080:G:A,chr4,115767080,G,A,NDST4,3957,127,2,2
P02,0,0.1,chr4:157689026:A:C,chr4,157689026,A,C,PDGFC,1394,50,2,2
P02,0,0.1,chr4:187455610:C:T,chr4,187455610,C,T,MTNR1A,3419,82,2,2
P02,0,0.1,chr5:13769624:C:T,chr5,13769624,C,T,DNAH5,859,31,2,2
P02,0,0.1,chr5:121786545:G:A,chr5,121786545,G,A,SNCAIP,3293,69,2,2
P02,0,0.1,chr6:31778449:G:A,chr6,31778449,G,A,HSPA1L,330,6,2,2
P02,0,0.1,chr6:36930899:G:A,chr6,36930899,G,A,PI16,5201,109,2,2
P02,0,0.1,chr7:1488364:G:A,chr7,1488364,G,A,MICALL2,2325,144,2,2
P02,0,0.1,chr7:100054505:G:A,chr7,100054505,G,A,C7orf61,7993,320,2,2
P02,0,0.1,chr7:100686452:C:T,chr7,100686452,C,T,MUC17,59,6,2,2
P02,0,0.1,chr7:140453136:A:T,chr7,140453136,A,T,BRAF,1012,26,2,2
P02,0,0.1,chr7:140453137:C:T,chr7,140453137,C,T,BRAF,1015,26,2,2
P02,0,0.1,chr7:155150364:C:T,chr7,155150364,C,T,BLACE,757,25,2,2
P02,0,0.1,chr8:3224583:G:A,chr8,3224583,G,A,CSMD1,1260,24,2,2
P02,0,0.1,chr8:24259525:C:T,chr8,24259525,C,T,ADAMDEC1,1999,170,2,2
P02,0,0.1,chr8:35608131:C:T,chr8,35608131,C,T,UNC5D,2133,302,2,2
P02,0,0.1,chr8:39694663:C:T,chr8,39694663,C,T,ADAM2,376,15,2,2
P02,0,0.1,chr8:99960603:C:T,chr8,99960603,C,T,OSR2,2007,207,2,2
P02,0,0.1,chr8:110437383:C:T,chr8,110437383,C,T,PKHD1L1,140,7,2,2
P02,0,0.1,chr8:116616497:G:A,chr8,116616497,G,A,TRPS1,2135,258,2,2
P02,0,0.1,chr9:125438375:G:A,chr9,125438375,G,A,OR1L3,5020,171,2,2
P03,42,0.1,chr1:949425:C:T,chr1,949425,C,T,ISG15,6338,0,2,2
P03,42,0.1,chr1:17736535:G:A,chr1,17736535,G,A,RCC2,4009,0,2,2
P03,42,0.1,chr1:154185095:G:A,chr1,154185095,G,A,C1orf43,4995,0,2,2
P03,42,0.1,chr1:159273771:G:A,chr1,159273771,G,A,FCER1A,6088,0,2,2
P03,42,0.1,chr1:203317277:G:A,chr1,203317277,G,A,FMOD,942,0,2,2
P03,42,0.1,chr1:227947039:C:T,chr1,227947039,C,T,SNAP47,4558,0,2,2
P03,42,0.1,chr1:241099988:C:T,chr1,241099988,C,T,RGS7,2348,0,2,2
P03,42,0.1,chr1:248756342:G:A,chr1,248756342,G,A,OR2T10,2884,0,2,2
P03,42,0.1,chr10:37508127:C:T,chr10,37508127,C,T,ANKRD30A,3097,0,2,2
P03,42,0.1,chr10:52570806:G:A,chr10,52570806,G,A,A1CF,2372,0,2,2
P03,42,0.1,chr11:117985972:G:A,chr11,117985972,G,A,TMPRSS4,4287,0,2,2
P03,42,0.1,chr12:16055887:C:T,chr12,16055887,C,T,STRAP,2205,0,2,2
P03,42,0.1,chr12:21028288:C:T,chr12,21028288,C,T,SLCO1B3,3488,0,2,2
P03,42,0.1,chr12:81568661:G:A,chr12,81568661,G,A,ACSS3,4632,0,2,2
P03,42,0.1,chr13:77531764:G:A,chr13,77531764,G,A,IRG1,6284,0,2,2
P03,42,0.1,chr14:77715210:C:T,chr14,77715210,C,T,TMEM63C,5688,0,2,2
P03,42,0.1,chr15:40662020:C:T,chr15,40662020,C,T,DISP2,3636,0,2,2
P03,42,0.1,chr15:100591903:G:A,chr15,100591903,G,A,ADAMTS17,3732,0,2,2
P03,42,0.1,chr16:2867829:C:T,chr16,2867829,C,T,PRSS21,2086,0,2,2
P03,42,0.1,chr16:31106910:C:T,chr16,31106910,C,T,VKORC1,3418,0,2,2
P03,42,0.1,chr16:31106911:C:T,chr16,31106911,C,T,VKORC1,3371,0,2,2
P03,42,0.1,chr17:4577955:G:A,chr17,4577955,G,A,AC091153.1,2715,0,2,2
P03,42,0.1,chr17:12663972:G:A,chr17,12663972,G,A,MYOCD,2495,0,2,2
P03,42,0.1,chr17:34249677:G:A,chr17,34249677,G,A,RDM1,1811,0,2,2
P03,42,0.1,chr17:61557775:C:T,chr17,61557775,C,T,ACE,1767,0,2,2
P03,42,0.1,chr17:76510980:C:A,chr17,76510980,C,A,DNAH17,4431,0,2,2
P03,42,0.1,chr18:28993050:G:A,chr18,28993050,G,A,DSG4,3361,0,2,2
P03,42,0.1,chr19:35843182:C:T,chr19,35843182,C,T,FFAR1,5141,0,2,2
P03,42,0.1,chr19:46307734:C:T,chr19,46307734,C,T,RSPH6A,2860,0,2,2
P03,42,0.1,chr2:1926096:G:A,chr2,1926096,G,A,MYT1L,3792,0,2,2
P03,42,0.1,chr2:113783769:C:T,chr2,113783769,C,T,IL36B,3301,0,2,2
P03,42,0.1,chr2:169938062:G:A,chr2,169938062,G,A,DHRS9,5648,0,2,2
P03,42,0.1,chr2:179612258:C:T,chr2,179612258,C,T,TTN,1966,0,2,2
P03,42,0.1,chr20:17475228:C:G,chr20,17475228,C,G,BFSP1,2531,0,2,2
P03,42,0.1,chr20:33583295:G:A,chr20,33583295,G,A,MYH7B,3539,0,2,2
P03,42,0.1,chr20:40757461:G:A,chr20,40757461,G,A,PTPRT,7315,0,2,2
P03,42,0.1,chr3:131268886:G:A,chr3,131268886,G,A,CPNE4,4018,0,2,2
P03,42,0.1,chr3:184093315:C:T,chr3,184093315,C,T,THPO,6084,0,2,2
P03,42,0.1,chr3:184093316:C:T,chr3,184093316,C,T,THPO,6087,0,2,2
P03,42,0.1,chr4:20521064:C:T,chr4,20521064,C,T,SLIT2,3573,0,2,2
P03,42,0.1,chr4:40434856:G:A,chr4,40434856,G,A,RBM47,3571,0,2,2
P03,42,0.1,chr4:96761849:G:A,chr4,96761849,G,A,PDHA2,4016,0,2,2
P03,42,0.1,chr4:115767080:G:A,chr4,115767080,G,A,NDST4,5141,0,2,2
P03,42,0.1,chr4:157689026:A:C,chr4,157689026,A,C,PDGFC,3421,0,2,2
P03,42,0.1,chr4:187455610:C:T,chr4,187455610,C,T,MTNR1A,4510,0,2,2
P03,42,0.1,chr5:13769624:C:T,chr5,13769624,C,T,DNAH5,2694,0,2,2
P03,42,0.1,chr5:121786545:G:A,chr5,121786545,G,A,SNCAIP,3605,0,2,2
P03,42,0.1,chr6:31778449:G:A,chr6,31778449,G,A,HSPA1L,1109,0,2,2
P03,42,0.1,chr6:36930899:G:A,chr6,36930899,G,A,PI16,6099,0,2,2
P03,42,0.1,chr7:1488364:G:A,chr7,1488364,G,A,MICALL2,1635,0,2,2
P03,42,0.1,chr7:100054505:G:A,chr7,100054505,G,A,C7orf61,7996,0,2,2
P03,42,0.1,chr7:100686452:C:T,chr7,100686452,C,T,MUC17,108,0,2,2
P03,42,0.1,chr7:140453136:A:T,chr7,140453136,A,T,BRAF,4964,0,2,2
P03,42,0.1,chr7:140453137:C:T,chr7,140453137,C,T,BRAF,4962,0,2,2
P03,42,0.1,chr7:155150364:C:T,chr7,155150364,C,T,BLACE,1959,31,2,2
P03,42,0.1,chr8:3224583:G:A,chr8,3224583,G,A,CSMD1,4043,0,2,2
P03,42,0.1,chr8:24259525:C:T,chr8,24259525,C,T,ADAMDEC1,5219,0,2,2
P03,42,0.1,chr8:35608131:C:T,chr8,35608131,C,T,UNC5D,3439,0,2,2
P03,42,0.1,chr8:39694663:C:T,chr8,39694663,C,T,ADAM2,1482,0,2,2
P03,42,0.1,chr8:99960603:C:T,chr8,99960603,C,T,OSR2,1163,9,2,2
P03,42,0.1,chr8:110437383:C:T,chr8,110437383,C,T,PKHD1L1,1792,0,2,2
P03,42,0.1,chr8:116616497:G:A,chr8,116616497,G,A,TRPS1,3015,0,2,2
P03,42,0.1,chr9:125438375:G:A,chr9,125438375,G,A,OR1L3,6730,0,2,2
P04,63,0.1,chr1:949425:C:T,chr1,949425,C,T,ISG15,7971,0,2,2
P04,63,0.1,chr1:17736535:G:A,chr1,17736535,G,A,RCC2,6498,0,2,2
P04,63,0.1,chr1:154185095:G:A,chr1,154185095,G,A,C1orf43,7945,0,2,2
P04,63,0.1,chr1:159273771:G:A,chr1,159273771,G,A,FCER1A,5655,0,2,2
P04,63,0.1,chr1:203317277:G:A,chr1,203317277,G,A,FMOD,3048,0,2,2
P04,63,0.1,chr1:227947039:C:T,chr1,227947039,C,T,SNAP47,5930,0,2,2
P04,63,0.1,chr1:241099988:C:T,chr1,241099988,C,T,RGS7,3080,0,2,2
P04,63,0.1,chr1:248756342:G:A,chr1,248756342,G,A,OR2T10,1438,0,2,2
P04,63,0.1,chr10:37508127:C:T,chr10,37508127,C,T,ANKRD30A,4647,0,2,2
P04,63,0.1,chr10:52570806:G:A,chr10,52570806,G,A,A1CF,3662,0,2,2
P04,63,0.1,chr11:117985972:G:A,chr11,117985972,G,A,TMPRSS4,5806,0,2,2
P04,63,0.1,chr12:16055887:C:T,chr12,16055887,C,T,STRAP,7703,0,2,2
P04,63,0.1,chr12:21028288:C:T,chr12,21028288,C,T,SLCO1B3,6798,0,2,2
P04,63,0.1,chr12:81568661:G:A,chr12,81568661,G,A,ACSS3,6657,0,2,2
P04,63,0.1,chr13:77531764:G:A,chr13,77531764,G,A,IRG1,7956,0,2,2
P04,63,0.1,chr14:77715210:C:T,chr14,77715210,C,T,TMEM63C,7996,0,2,2
P04,63,0.1,chr15:40662020:C:T,chr15,40662020,C,T,DISP2,7562,0,2,2
P04,63,0.1,chr15:100591903:G:A,chr15,100591903,G,A,ADAMTS17,4719,0,2,2
P04,63,0.1,chr16:2867829:C:T,chr16,2867829,C,T,PRSS21,3307,0,2,2
P04,63,0.1,chr16:31106910:C:T,chr16,31106910,C,T,VKORC1,4901,0,2,2
P04,63,0.1,chr16:31106911:C:T,chr16,31106911,C,T,VKORC1,4801,0,2,2
P04,63,0.1,chr17:4577955:G:A,chr17,4577955,G,A,AC091153.1,4666,0,2,2
P04,63,0.1,chr17:12663972:G:A,chr17,12663972,G,A,MYOCD,4573,0,2,2
P04,63,0.1,chr17:34249677:G:A,chr17,34249677,G,A,RDM1,3579,0,2,2
P04,63,0.1,chr17:61557775:C:T,chr17,61557775,C,T,ACE,2233,0,2,2
P04,63,0.1,chr17:76510980:C:A,chr17,76510980,C,A,DNAH17,6142,0,2,2
P04,63,0.1,chr18:28993050:G:A,chr18,28993050,G,A,DSG4,4017,0,2,2
P04,63,0.1,chr19:35843182:C:T,chr19,35843182,C,T,FFAR1,5401,0,2,2
P04,63,0.1,chr19:46307734:C:T,chr19,46307734,C,T,RSPH6A,4209,0,2,2
P04,63,0.1,chr2:1926096:G:A,chr2,1926096,G,A,MYT1L,5163,0,2,2
P04,63,0.1,chr2:113783769:C:T,chr2,113783769,C,T,IL36B,6247,0,2,2
P04,63,0.1,chr2:169938062:G:A,chr2,169938062,G,A,DHRS9,7973,0,2,2
P04,63,0.1,chr2:179612258:C:T,chr2,179612258,C,T,TTN,5752,0,2,2
P04,63,0.1,chr20:17475228:C:G,chr20,17475228,C,G,BFSP1,4239,0,2,2
P04,63,0.1,chr20:33583295:G:A,chr20,33583295,G,A,MYH7B,5270,0,2,2
P04,63,0.1,chr20:40757461:G:A,chr20,40757461,G,A,PTPRT,6714,0,2,2
P04,63,0.1,chr3:131268886:G:A,chr3,131268886,G,A,CPNE4,6132,0,2,2
P04,63,0.1,chr3:184093315:C:T,chr3,184093315,C,T,THPO,4856,0,2,2
P04,63,0.1,chr3:184093316:C:T,chr3,184093316,C,T,THPO,4865,0,2,2
P04,63,0.1,chr4:20521064:C:T,chr4,20521064,C,T,SLIT2,5210,0,2,2
P04,63,0.1,chr4:40434856:G:A,chr4,40434856,G,A,RBM47,5604,0,2,2
P04,63,0.1,chr4:96761849:G:A,chr4,96761849,G,A,PDHA2,6255,0,2,2
P04,63,0.1,chr4:115767080:G:A,chr4,115767080,G,A,NDST4,7990,0,2,2
P04,63,0.1,chr4:157689026:A:C,chr4,157689026,A,C,PDGFC,5421,0,2,2
P04,63,0.1,chr4:187455610:C:T,chr4,187455610,C,T,MTNR1A,7128,0,2,2
P04,63,0.1,chr5:13769624:C:T,chr5,13769624,C,T,DNAH5,4706,0,2,2
P04,63,0.1,chr5:121786545:G:A,chr5,121786545,G,A,SNCAIP,3963,0,2,2
P04,63,0.1,chr6:31778449:G:A,chr6,31778449,G,A,HSPA1L,2968,0,2,2
P04,63,0.1,chr6:36930899:G:A,chr6,36930899,G,A,PI16,7886,0,2,2
P04,63,0.1,chr7:1488364:G:A,chr7,1488364,G,A,MICALL2,3027,0,2,2
P04,63,0.1,chr7:100054505:G:A,chr7,100054505,G,A,C7orf61,7988,0,2,2
P04,63,0.1,chr7:100686452:C:T,chr7,100686452,C,T,MUC17,1934,0,2,2
P04,63,0.1,chr7:140453136:A:T,chr7,140453136,A,T,BRAF,7470,0,2,2
P04,63,0.1,chr7:140453137:C:T,chr7,140453137,C,T,BRAF,7474,0,2,2
P04,63,0.1,chr7:155150364:C:T,chr7,155150364,C,T,BLACE,3635,120,2,2
P04,63,0.1,chr8:3224583:G:A,chr8,3224583,G,A,CSMD1,5171,0,2,2
P04,63,0.1,chr8:24259525:C:T,chr8,24259525,C,T,ADAMDEC1,6732,0,2,2
P04,63,0.1,chr8:35608131:C:T,chr8,35608131,C,T,UNC5D,4877,0,2,2
P04,63,0.1,chr8:39694663:C:T,chr8,39694663,C,T,ADAM2,3193,0,2,2
P04,63,0.1,chr8:99960603:C:T,chr8,99960603,C,T,OSR2,1321,0,2,2
P04,63,0.1,chr8:110437383:C:T,chr8,110437383,C,T,PKHD1L1,3568,0,2,2
P04,63,0.1,chr8:116616497:G:A,chr8,116616497,G,A,TRPS1,5825,0,2,2
P04,63,0.1,chr9:125438375:G:A,chr9,125438375,G,A,OR1L3,7963,0,2,2
P05,119,0.1,chr1:949425:C:T,chr1,949425,C,T,ISG15,4528,0,2,2
P05,119,0.1,chr1:17736535:G:A,chr1,17736535,G,A,RCC2,3452,0,2,2
P05,119,0.1,chr1:154185095:G:A,chr1,154185095,G,A,C1orf43,7579,0,2,2
P05,119,0.1,chr1:159273771:G:A,chr1,159273771,G,A,FCER1A,4426,0,2,2
P05,119,0.1,chr1:203317277:G:A,chr1,203317277,G,A,FMOD,1615,0,2,2
P05,119,0.1,chr1:227947039:C:T,chr1,227947039,C,T,SNAP47,3594,0,2,2
P05,119,0.1,chr1:241099988:C:T,chr1,241099988,C,T,RGS7,1717,0,2,2
P05,119,0.1,chr1:248756342:G:A,chr1,248756342,G,A,OR2T10,711,0,2,2
P05,119,0.1,chr10:37508127:C:T,chr10,37508127,C,T,ANKRD30A,4181,0,2,2
P05,119,0.1,chr10:52570806:G:A,chr10,52570806,G,A,A1CF,2463,0,2,2
P05,119,0.1,chr11:117985972:G:A,chr11,117985972,G,A,TMPRSS4,2818,0,2,2
P05,119,0.1,chr12:16055887:C:T,chr12,16055887,C,T,STRAP,4931,0,2,2
P05,119,0.1,chr12:21028288:C:T,chr12,21028288,C,T,SLCO1B3,2792,0,2,2
P05,119,0.1,chr12:81568661:G:A,chr12,81568661,G,A,ACSS3,4274,0,2,2
P05,119,0.1,chr13:77531764:G:A,chr13,77531764,G,A,IRG1,7912,0,2,2
P05,119,0.1,chr14:77715210:C:T,chr14,77715210,C,T,TMEM63C,5158,0,2,2
P05,119,0.1,chr15:40662020:C:T,chr15,40662020,C,T,DISP2,5451,0,2,2
P05,119,0.1,chr15:100591903:G:A,chr15,100591903,G,A,ADAMTS17,3474,0,2,2
P05,119,0.1,chr16:2867829:C:T,chr16,2867829,C,T,PRSS21,5007,0,2,2
P05,119,0.1,chr16:31106910:C:T,chr16,31106910,C,T,VKORC1,2948,0,2,2
P05,119,0.1,chr16:31106911:C:T,chr16,31106911,C,T,VKORC1,2882,0,2,2
P05,119,0.1,chr17:4577955:G:A,chr17,4577955,G,A,AC091153.1,3030,0,2,2
P05,119,0.1,chr17:12663972:G:A,chr17,12663972,G,A,MYOCD,3743,0,2,2
P05,119,0.1,chr17:34249677:G:A,chr17,34249677,G,A,RDM1,1830,0,2,2
P05,119,0.1,chr17:61557775:C:T,chr17,61557775,C,T,ACE,1586,0,2,2
P05,119,0.1,chr17:76510980:C:A,chr17,76510980,C,A,DNAH17,3840,0,2,2
P05,119,0.1,chr18:28993050:G:A,chr18,28993050,G,A,DSG4,2001,0,2,2
P05,119,0.1,chr19:35843182:C:T,chr19,35843182,C,T,FFAR1,6509,0,2,2
P05,119,0.1,chr19:46307734:C:T,chr19,46307734,C,T,RSPH6A,2147,0,2,2
P05,119,0.1,chr2:1926096:G:A,chr2,1926096,G,A,MYT1L,3024,0,2,2
P05,119,0.1,chr2:113783769:C:T,chr2,113783769,C,T,IL36B,3818,0,2,2
P05,119,0.1,chr2:169938062:G:A,chr2,169938062,G,A,DHRS9,4227,0,2,2
P05,119,0.1,chr2:179612258:C:T,chr2,179612258,C,T,TTN,3830,0,2,2
P05,119,0.1,chr20:17475228:C:G,chr20,17475228,C,G,BFSP1,2301,0,2,2
P05,119,0.1,chr20:33583295:G:A,chr20,33583295,G,A,MYH7B,4164,0,2,2
P05,119,0.1,chr20:40757461:G:A,chr20,40757461,G,A,PTPRT,6894,0,2,2
P05,119,0.1,chr3:131268886:G:A,chr3,131268886,G,A,CPNE4,3691,0,2,2
P05,119,0.1,chr3:184093315:C:T,chr3,184093315,C,T,THPO,4140,0,2,2
P05,119,0.1,chr3:184093316:C:T,chr3,184093316,C,T,THPO,4152,0,2,2
P05,119,0.1,chr4:20521064:C:T,chr4,20521064,C,T,SLIT2,2428,0,2,2
P05,119,0.1,chr4:40434856:G:A,chr4,40434856,G,A,RBM47,3269,28,2,2
P05,119,0.1,chr4:96761849:G:A,chr4,96761849,G,A,PDHA2,6039,0,2,2
P05,119,0.1,chr4:115767080:G:A,chr4,115767080,G,A,NDST4,4789,27,2,2
P05,119,0.1,chr4:157689026:A:C,chr4,157689026,A,C,PDGFC,3300,0,2,2
P05,119,0.1,chr4:187455610:C:T,chr4,187455610,C,T,MTNR1A,5526,0,2,2
P05,119,0.1,chr5:13769624:C:T,chr5,13769624,C,T,DNAH5,2628,0,2,2
P05,119,0.1,chr5:121786545:G:A,chr5,121786545,G,A,SNCAIP,3502,0,2,2
P05,119,0.1,chr6:31778449:G:A,chr6,31778449,G,A,HSPA1L,1646,0,2,2
P05,119,0.1,chr6:36930899:G:A,chr6,36930899,G,A,PI16,7693,0,2,2
P05,119,0.1,chr7:1488364:G:A,chr7,1488364,G,A,MICALL2,2146,0,2,2
P05,119,0.1,chr7:100054505:G:A,chr7,100054505,G,A,C7orf61,7982,0,2,2
P05,119,0.1,chr7:100686452:C:T,chr7,100686452,C,T,MUC17,1105,8,2,2
P05,119,0.1,chr7:140453136:A:T,chr7,140453136,A,T,BRAF,5927,0,2,2
P05,119,0.1,chr7:140453137:C:T,chr7,140453137,C,T,BRAF,5912,0,2,2
P05,119,0.1,chr7:155150364:C:T,chr7,155150364,C,T,BLACE,2850,57,2,2
P05,119,0.1,chr8:3224583:G:A,chr8,3224583,G,A,CSMD1,3125,0,2,2
P05,119,0.1,chr8:24259525:C:T,chr8,24259525,C,T,ADAMDEC1,3863,0,2,2
P05,119,0.1,chr8:35608131:C:T,chr8,35608131,C,T,UNC5D,4007,0,2,2
P05,119,0.1,chr8:39694663:C:T,chr8,39694663,C,T,ADAM2,1874,0,2,2
P05,119,0.1,chr8:99960603:C:T,chr8,99960603,C,T,OSR2,1115,0,2,2
P05,119,0.1,chr8:110437383:C:T,chr8,110437383,C,T,PKHD1L1,1626,0,2,2
P05,119,0.1,chr8:116616497:G:A,chr8,116616497,G,A,TRPS1,3283,56,2,2
P05,119,0.1,chr9:125438375:G:A,chr9,125438375,G,A,OR1L3,5642,0,2,2
P06,161,0.1,chr1:949425:C:T,chr1,949425,C,T,ISG15,7985,34,2,2
P06,161,0.1,chr1:17736535:G:A,chr1,17736535,G,A,RCC2,7995,88,2,2
P06,161,0.1,chr1:154185095:G:A,chr1,154185095,G,A,C1orf43,6913,0,2,2
P06,161,0.1,chr1:159273771:G:A,chr1,159273771,G,A,FCER1A,7968,0,2,2
P06,161,0.1,chr1:203317277:G:A,chr1,203317277,G,A,FMOD,6393,141,2,2
P06,161,0.1,chr1:227947039:C:T,chr1,227947039,C,T,SNAP47,7978,0,2,2
P06,161,0.1,chr1:241099988:C:T,chr1,241099988,C,T,RGS7,7565,144,2,2
P06,161,0.1,chr1:248756342:G:A,chr1,248756342,G,A,OR2T10,7992,35,2,2
P06,161,0.1,chr10:37508127:C:T,chr10,37508127,C,T,ANKRD30A,23,0,2,2
P06,161,0.1,chr10:52570806:G:A,chr10,52570806,G,A,A1CF,7779,0,2,2
P06,161,0.1,chr11:117985972:G:A,chr11,117985972,G,A,TMPRSS4,7981,42,2,2
P06,161,0.1,chr12:16055887:C:T,chr12,16055887,C,T,STRAP,8002,0,2,2
P06,161,0.1,chr12:21028288:C:T,chr12,21028288,C,T,SLCO1B3,7995,48,2,2
P06,161,0.1,chr12:81568661:G:A,chr12,81568661,G,A,ACSS3,7992,76,2,2
P06,161,0.1,chr13:77531764:G:A,chr13,77531764,G,A,IRG1,8002,0,2,2
P06,161,0.1,chr14:77715210:C:T,chr14,77715210,C,T,TMEM63C,7992,0,2,2
P06,161,0.1,chr15:40662020:C:T,chr15,40662020,C,T,DISP2,3789,0,2,2
P06,161,0.1,chr15:100591903:G:A,chr15,100591903,G,A,ADAMTS17,7995,0,2,2
P06,161,0.1,chr16:2867829:C:T,chr16,2867829,C,T,PRSS21,792,0,2,2
P06,161,0.1,chr16:31106910:C:T,chr16,31106910,C,T,VKORC1,6061,0,2,2
P06,161,0.1,chr16:31106911:C:T,chr16,31106911,C,T,VKORC1,5872,0,2,2
P06,161,0.1,chr17:4577955:G:A,chr17,4577955,G,A,AC091153.1,8000,65,2,2
P06,161,0.1,chr17:12663972:G:A,chr17,12663972,G,A,MYOCD,7966,40,2,2
P06,161,0.1,chr17:34249677:G:A,chr17,34249677,G,A,RDM1,6097,26,2,2
P06,161,0.1,chr17:61557775:C:T,chr17,61557775,C,T,ACE,5351,107,2,2
P06,161,0.1,chr17:76510980:C:A,chr17,76510980,C,A,DNAH17,7844,0,2,2
P06,161,0.1,chr18:28993050:G:A,chr18,28993050,G,A,DSG4,7944,95,2,2
P06,161,0.1,chr19:35843182:C:T,chr19,35843182,C,T,FFAR1,496,0,2,2
P06,161,0.1,chr19:46307734:C:T,chr19,46307734,C,T,RSPH6A,7876,0,2,2
P06,161,0.1,chr2:1926096:G:A,chr2,1926096,G,A,MYT1L,7890,0,2,2
P06,161,0.1,chr2:113783769:C:T,chr2,113783769,C,T,IL36B,7600,0,2,2
P06,161,0.1,chr2:169938062:G:A,chr2,169938062,G,A,DHRS9,7983,0,2,2
P06,161,0.1,chr2:179612258:C:T,chr2,179612258,C,T,TTN,7995,0,2,2
P06,161,0.1,chr20:17475228:C:G,chr20,17475228,C,G,BFSP1,7947,67,2,2
P06,161,0.1,chr20:33583295:G:A,chr20,33583295,G,A,MYH7B,7997,0,2,2
P06,161,0.1,chr20:40757461:G:A,chr20,40757461,G,A,PTPRT,7968,0,2,2
P06,161,0.1,chr3:131268886:G:A,chr3,131268886,G,A,CPNE4,7999,77,2,2
P06,161,0.1,chr3:184093315:C:T,chr3,184093315,C,T,THPO,7987,73,2,2
P06,161,0.1,chr3:184093316:C:T,chr3,184093316,C,T,THPO,8003,88,2,2
P06,161,0.1,chr4:20521064:C:T,chr4,20521064,C,T,SLIT2,7659,0,2,2
P06,161,0.1,chr4:40434856:G:A,chr4,40434856,G,A,RBM47,7938,51,2,2
P06,161,0.1,chr4:96761849:G:A,chr4,96761849,G,A,PDHA2,1756,0,2,2
P06,161,0.1,chr4:115767080:G:A,chr4,115767080,G,A,NDST4,7964,135,2,2
P06,161,0.1,chr4:157689026:A:C,chr4,157689026,A,C,PDGFC,7963,15,2,2
P06,161,0.1,chr4:187455610:C:T,chr4,187455610,C,T,MTNR1A,5898,35,2,2
P06,161,0.1,chr5:13769624:C:T,chr5,13769624,C,T,DNAH5,6755,0,2,2
P06,161,0.1,chr5:121786545:G:A,chr5,121786545,G,A,SNCAIP,8006,17,2,2
P06,161,0.1,chr6:31778449:G:A,chr6,31778449,G,A,HSPA1L,6500,0,2,2
P06,161,0.1,chr6:36930899:G:A,chr6,36930899,G,A,PI16,7940,0,2,2
P06,161,0.1,chr7:1488364:G:A,chr7,1488364,G,A,MICALL2,5990,72,2,2
P06,161,0.1,chr7:100054505:G:A,chr7,100054505,G,A,C7orf61,7893,33,2,2
P06,161,0.1,chr7:100686452:C:T,chr7,100686452,C,T,MUC17,4247,42,2,2
P06,161,0.1,chr7:140453136:A:T,chr7,140453136,A,T,BRAF,1957,0,2,2
P06,161,0.1,chr7:140453137:C:T,chr7,140453137,C,T,BRAF,1962,0,2,2
P06,161,0.1,chr7:155150364:C:T,chr7,155150364,C,T,BLACE,7663,215,2,2
P06,161,0.1,chr8:3224583:G:A,chr8,3224583,G,A,CSMD1,7984,57,2,2
P06,161,0.1,chr8:24259525:C:T,chr8,24259525,C,T,ADAMDEC1,7951,191,2,2
P06,161,0.1,chr8:35608131:C:T,chr8,35608131,C,T,UNC5D,7987,231,2,2
P06,161,0.1,chr8:39694663:C:T,chr8,39694663,C,T,ADAM2,698,0,2,2
P06,161,0.1,chr8:99960603:C:T,chr8,99960603,C,T,OSR2,3301,56,2,2
P06,161,0.1,chr8:110437383:C:T,chr8,110437383,C,T,PKHD1L1,7774,148,2,2
P06,161,0.1,chr8:116616497:G:A,chr8,116616497,G,A,TRPS1,7991,240,2,2
P06,161,0.1,chr9:125438375:G:A,chr9,125438375,G,A,OR1L3,7838,47,2,2
P07,280,0.1,chr1:949425:C:T,chr1,949425,C,T,ISG15,3365,138,2,2
P07,280,0.1,chr1:17736535:G:A,chr1,17736535,G,A,RCC2,2628,110,2,2
P07,280,0.1,chr1:154185095:G:A,chr1,154185095,G,A,C1orf43,7935,524,2,2
P07,280,0.1,chr1:159273771:G:A,chr1,159273771,G,A,FCER1A,734,30,2,2
P07,280,0.1,chr1:203317277:G:A,chr1,203317277,G,A,FMOD,1444,71,2,2
P07,280,0.1,chr1:227947039:C:T,chr1,227947039,C,T,SNAP47,2844,156,2,2
P07,280,0.1,chr1:241099988:C:T,chr1,241099988,C,T,RGS7,1216,66,2,2
P07,280,0.1,chr1:248756342:G:A,chr1,248756342,G,A,OR2T10,456,13,2,2
P07,280,0.1,chr10:37508127:C:T,chr10,37508127,C,T,ANKRD30A,6498,78,2,2
P07,280,0.1,chr10:52570806:G:A,chr10,52570806,G,A,A1CF,1631,41,2,2
P07,280,0.1,chr11:117985972:G:A,chr11,117985972,G,A,TMPRSS4,1985,0,2,2
P07,280,0.1,chr12:16055887:C:T,chr12,16055887,C,T,STRAP,6523,0,2,2
P07,280,0.1,chr12:21028288:C:T,chr12,21028288,C,T,SLCO1B3,2696,136,2,2
P07,280,0.1,chr12:81568661:G:A,chr12,81568661,G,A,ACSS3,2927,70,2,2
P07,280,0.1,chr13:77531764:G:A,chr13,77531764,G,A,IRG1,7952,167,2,2
P07,280,0.1,chr14:77715210:C:T,chr14,77715210,C,T,TMEM63C,3571,20,2,2
P07,280,0.1,chr15:40662020:C:T,chr15,40662020,C,T,DISP2,7995,181,2,2
P07,280,0.1,chr15:100591903:G:A,chr15,100591903,G,A,ADAMTS17,2249,36,2,2
P07,280,0.1,chr16:2867829:C:T,chr16,2867829,C,T,PRSS21,5007,165,2,2
P07,280,0.1,chr16:31106910:C:T,chr16,31106910,C,T,VKORC1,2057,15,2,2
P07,280,0.1,chr16:31106911:C:T,chr16,31106911,C,T,VKORC1,2043,7,2,2
P07,280,0.1,chr17:4577955:G:A,chr17,4577955,G,A,AC091153.1,1902,53,2,2
P07,280,0.1,chr17:12663972:G:A,chr17,12663972,G,A,MYOCD,1899,30,2,2
P07,280,0.1,chr17:34249677:G:A,chr17,34249677,G,A,RDM1,2473,40,2,2
P07,280,0.1,chr17:61557775:C:T,chr17,61557775,C,T,ACE,1110,53,2,2
P07,280,0.1,chr17:76510980:C:A,chr17,76510980,C,A,DNAH17,2687,89,2,2
P07,280,0.1,chr18:28993050:G:A,chr18,28993050,G,A,DSG4,2095,92,2,2
P07,280,0.1,chr19:35843182:C:T,chr19,35843182,C,T,FFAR1,7288,168,2,2
P07,280,0.1,chr19:46307734:C:T,chr19,46307734,C,T,RSPH6A,1329,48,2,2
P07,280,0.1,chr2:1926096:G:A,chr2,1926096,G,A,MYT1L,1981,14,2,2
P07,280,0.1,chr2:113783769:C:T,chr2,113783769,C,T,IL36B,2265,14,2,2
P07,280,0.1,chr2:169938062:G:A,chr2,169938062,G,A,DHRS9,3280,0,2,2
P07,280,0.1,chr2:179612258:C:T,chr2,179612258,C,T,TTN,2251,25,2,2
P07,280,0.1,chr20:17475228:C:G,chr20,17475228,C,G,BFSP1,1572,40,2,2
P07,280,0.1,chr20:33583295:G:A,chr20,33583295,G,A,MYH7B,1975,36,2,2
P07,280,0.1,chr20:40757461:G:A,chr20,40757461,G,A,PTPRT,6626,73,2,2
P07,280,0.1,chr3:131268886:G:A,chr3,131268886,G,A,CPNE4,2359,45,2,2
P07,280,0.1,chr3:184093315:C:T,chr3,184093315,C,T,THPO,1187,0,2,2
P07,280,0.1,chr3:184093316:C:T,chr3,184093316,C,T,THPO,1182,0,2,2
P07,280,0.1,chr4:20521064:C:T,chr4,20521064,C,T,SLIT2,2024,53,2,2
P07,280,0.1,chr4:40434856:G:A,chr4,40434856,G,A,RBM47,2091,75,2,2
P07,280,0.1,chr4:96761849:G:A,chr4,96761849,G,A,PDHA2,7419,0,2,2
P07,280,0.1,chr4:115767080:G:A,chr4,115767080,G,A,NDST4,3587,110,2,2
P07,280,0.1,chr4:157689026:A:C,chr4,157689026,A,C,PDGFC,2057,23,2,2
P07,280,0.1,chr4:187455610:C:T,chr4,187455610,C,T,MTNR1A,7995,96,2,2
P07,280,0.1,chr5:13769624:C:T,chr5,13769624,C,T,DNAH5,1913,40,2,2
P07,280,0.1,chr5:121786545:G:A,chr5,121786545,G,A,SNCAIP,1469,34,2,2
P07,280,0.1,chr6:31778449:G:A,chr6,31778449,G,A,HSPA1L,1501,29,2,2
P07,280,0.1,chr6:36930899:G:A,chr6,36930899,G,A,PI16,7858,102,2,2
P07,280,0.1,chr7:1488364:G:A,chr7,1488364,G,A,MICALL2,1139,76,2,2
P07,280,0.1,chr7:100054505:G:A,chr7,100054505,G,A,C7orf61,7980,160,2,2
P07,280,0.1,chr7:100686452:C:T,chr7,100686452,C,T,MUC17,372,10,2,2
P07,280,0.1,chr7:140453136:A:T,chr7,140453136,A,T,BRAF,7308,307,2,2
P07,280,0.1,chr7:140453137:C:T,chr7,140453137,C,T,BRAF,7282,306,2,2
P07,280,0.1,chr7:155150364:C:T,chr7,155150364,C,T,BLACE,1981,32,2,2
P07,280,0.1,chr8:3224583:G:A,chr8,3224583,G,A,CSMD1,2619,37,2,2
P07,280,0.1,chr8:24259525:C:T,chr8,24259525,C,T,ADAMDEC1,2967,106,2,2
P07,280,0.1,chr8:35608131:C:T,chr8,35608131,C,T,UNC5D,2646,140,2,2
P07,280,0.1,chr8:39694663:C:T,chr8,39694663,C,T,ADAM2,5133,318,2,2
P07,280,0.1,chr8:99960603:C:T,chr8,99960603,C,T,OSR2,559,46,2,2
P07,280,0.1,chr8:110437383:C:T,chr8,110437383,C,T,PKHD1L1,275,13,2,2
P07,280,0.1,chr8:116616497:G:A,chr8,116616497,G,A,TRPS1,2617,198,2,2
P07,280,0.1,chr9:125438375:G:A,chr9,125438375,G,A,OR1L3,7762,210,2,2
P08,343,0.1,chr1:949425:C:T,chr1,949425,C,T,ISG15,4857,131,2,2
P08,343,0.1,chr1:17736535:G:A,chr1,17736535,G,A,RCC2,3071,49,2,2
P08,343,0.1,chr1:154185095:G:A,chr1,154185095,G,A,C1orf43,7843,507,2,2
P08,343,0.1,chr1:159273771:G:A,chr1,159273771,G,A,FCER1A,1273,0,2,2
P08,343,0.1,chr1:203317277:G:A,chr1,203317277,G,A,FMOD,1326,60,2,2
P08,343,0.1,chr1:227947039:C:T,chr1,227947039,C,T,SNAP47,5049,81,2,2
P08,343,0.1,chr1:241099988:C:T,chr1,241099988,C,T,RGS7,1492,66,2,2
P08,343,0.1,chr1:248756342:G:A,chr1,248756342,G,A,OR2T10,484,0,2,2
P08,343,0.1,chr10:37508127:C:T,chr10,37508127,C,T,ANKRD30A,6584,99,2,2
P08,343,0.1,chr10:52570806:G:A,chr10,52570806,G,A,A1CF,2571,54,2,2
P08,343,0.1,chr11:117985972:G:A,chr11,117985972,G,A,TMPRSS4,2820,79,2,2
P08,343,0.1,chr12:16055887:C:T,chr12,16055887,C,T,STRAP,7546,0,2,2
P08,343,0.1,chr12:21028288:C:T,chr12,21028288,C,T,SLCO1B3,4719,117,2,2
P08,343,0.1,chr12:81568661:G:A,chr12,81568661,G,A,ACSS3,3108,56,2,2
P08,343,0.1,chr13:77531764:G:A,chr13,77531764,G,A,IRG1,7959,257,2,2
P08,343,0.1,chr14:77715210:C:T,chr14,77715210,C,T,TMEM63C,5120,82,2,2
P08,343,0.1,chr15:40662020:C:T,chr15,40662020,C,T,DISP2,7995,432,2,2
P08,343,0.1,chr15:100591903:G:A,chr15,100591903,G,A,ADAMTS17,3382,33,2,2
P08,343,0.1,chr16:2867829:C:T,chr16,2867829,C,T,PRSS21,6692,228,2,2
P08,343,0.1,chr16:31106910:C:T,chr16,31106910,C,T,VKORC1,2128,45,2,2
P08,343,0.1,chr16:31106911:C:T,chr16,31106911,C,T,VKORC1,2118,23,2,2
P08,343,0.1,chr17:4577955:G:A,chr17,4577955,G,A,AC091153.1,2390,45,2,2
P08,343,0.1,chr17:12663972:G:A,chr17,12663972,G,A,MYOCD,2063,45,2,2
P08,343,0.1,chr17:34249677:G:A,chr17,34249677,G,A,RDM1,2932,50,2,2
P08,343,0.1,chr17:61557775:C:T,chr17,61557775,C,T,ACE,1055,36,2,2
P08,343,0.1,chr17:76510980:C:A,chr17,76510980,C,A,DNAH17,3981,187,2,2
P08,343,0.1,chr18:28993050:G:A,chr18,28993050,G,A,DSG4,2831,71,2,2
P08,343,0.1,chr19:35843182:C:T,chr19,35843182,C,T,FFAR1,7378,205,2,2
P08,343,0.1,chr19:46307734:C:T,chr19,46307734,C,T,RSPH6A,1747,54,2,2
P08,343,0.1,chr2:1926096:G:A,chr2,1926096,G,A,MYT1L,3457,38,2,2
P08,343,0.1,chr2:113783769:C:T,chr2,113783769,C,T,IL36B,2829,12,2,2
P08,343,0.1,chr2:169938062:G:A,chr2,169938062,G,A,DHRS9,6074,0,2,2
P08,343,0.1,chr2:179612258:C:T,chr2,179612258,C,T,TTN,2730,68,2,2
P08,343,0.1,chr20:17475228:C:G,chr20,17475228,C,G,BFSP1,1608,59,2,2
P08,343,0.1,chr20:33583295:G:A,chr20,33583295,G,A,MYH7B,1702,51,2,2
P08,343,0.1,chr20:40757461:G:A,chr20,40757461,G,A,PTPRT,6134,19,2,2
P08,343,0.1,chr3:131268886:G:A,chr3,131268886,G,A,CPNE4,3386,47,2,2
P08,343,0.1,chr3:184093315:C:T,chr3,184093315,C,T,THPO,2149,0,2,2
P08,343,0.1,chr3:184093316:C:T,chr3,184093316,C,T,THPO,2138,0,2,2
P08,343,0.1,chr4:20521064:C:T,chr4,20521064,C,T,SLIT2,2867,0,2,2
P08,343,0.1,chr4:40434856:G:A,chr4,40434856,G,A,RBM47,3300,102,2,2
P08,343,0.1,chr4:96761849:G:A,chr4,96761849,G,A,PDHA2,7327,355,2,2
P08,343,0.1,chr4:115767080:G:A,chr4,115767080,G,A,NDST4,3404,82,2,2
P08,343,0.1,chr4:157689026:A:C,chr4,157689026,A,C,PDGFC,2556,41,2,2
P08,343,0.1,chr4:187455610:C:T,chr4,187455610,C,T,MTNR1A,7993,168,2,2
P08,343,0.1,chr5:13769624:C:T,chr5,13769624,C,T,DNAH5,2479,57,2,2
P08,343,0.1,chr5:121786545:G:A,chr5,121786545,G,A,SNCAIP,1186,33,2,2
P08,343,0.1,chr6:31778449:G:A,chr6,31778449,G,A,HSPA1L,1425,33,2,2
P08,343,0.1,chr6:36930899:G:A,chr6,36930899,G,A,PI16,7804,101,2,2
P08,343,0.1,chr7:1488364:G:A,chr7,1488364,G,A,MICALL2,924,46,2,2
P08,343,0.1,chr7:100054505:G:A,chr7,100054505,G,A,C7orf61,7985,459,2,2
P08,343,0.1,chr7:100686452:C:T,chr7,100686452,C,T,MUC17,428,15,2,2
P08,343,0.1,chr7:140453136:A:T,chr7,140453136,A,T,BRAF,7882,284,2,2
P08,343,0.1,chr7:140453137:C:T,chr7,140453137,C,T,BRAF,7855,141,2,2
P08,343,0.1,chr7:155150364:C:T,chr7,155150364,C,T,BLACE,2293,57,2,2
P08,343,0.1,chr8:3224583:G:A,chr8,3224583,G,A,CSMD1,3111,72,2,2
P08,343,0.1,chr8:24259525:C:T,chr8,24259525,C,T,ADAMDEC1,4910,128,2,2
P08,343,0.1,chr8:35608131:C:T,chr8,35608131,C,T,UNC5D,1260,54,2,2
P08,343,0.1,chr8:39694663:C:T,chr8,39694663,C,T,ADAM2,7948,350,2,2
P08,343,0.1,chr8:99960603:C:T,chr8,99960603,C,T,OSR2,483,39,2,2
P08,343,0.1,chr8:110437383:C:T,chr8,110437383,C,T,PKHD1L1,326,26,2,2
P08,343,0.1,chr8:116616497:G:A,chr8,116616497,G,A,TRPS1,3619,329,2,2
P08,343,0.1,chr9:125438375:G:A,chr9,125438375,G,A,OR1L3,7971,191,2,2
P09,378,0.1,chr1:949425:C:T,chr1,949425,C,T,ISG15,2667,130,2,2
P09,378,0.1,chr1:17736535:G:A,chr1,17736535,G,A,RCC2,2786,145,2,2
P09,378,0.1,chr1:154185095:G:A,chr1,154185095,G,A,C1orf43,2830,215,2,2
P09,378,0.1,chr1:159273771:G:A,chr1,159273771,G,A,FCER1A,3958,226,2,2
P09,378,0.1,chr1:203317277:G:A,chr1,203317277,G,A,FMOD,1329,66,2,2
P09,378,0.1,chr1:227947039:C:T,chr1,227947039,C,T,SNAP47,2671,216,2,2
P09,378,0.1,chr1:241099988:C:T,chr1,241099988,C,T,RGS7,1178,134,2,2
P09,378,0.1,chr1:248756342:G:A,chr1,248756342,G,A,OR2T10,1855,78,2,2
P09,378,0.1,chr10:37508127:C:T,chr10,37508127,C,T,ANKRD30A,1086,57,2,2
P09,378,0.1,chr10:52570806:G:A,chr10,52570806,G,A,A1CF,1519,110,2,2
P09,378,0.1,chr11:117985972:G:A,chr11,117985972,G,A,TMPRSS4,1833,12,2,2
P09,378,0.1,chr12:16055887:C:T,chr12,16055887,C,T,STRAP,2072,0,2,2
P09,378,0.1,chr12:21028288:C:T,chr12,21028288,C,T,SLCO1B3,2252,110,2,2
P09,378,0.1,chr12:81568661:G:A,chr12,81568661,G,A,ACSS3,2625,45,2,2
P09,378,0.1,chr13:77531764:G:A,chr13,77531764,G,A,IRG1,3014,72,2,2
P09,378,0.1,chr14:77715210:C:T,chr14,77715210,C,T,TMEM63C,3703,85,2,2
P09,378,0.1,chr15:40662020:C:T,chr15,40662020,C,T,DISP2,1657,8,2,2
P09,378,0.1,chr15:100591903:G:A,chr15,100591903,G,A,ADAMTS17,2428,83,2,2
P09,378,0.1,chr16:2867829:C:T,chr16,2867829,C,T,PRSS21,612,25,2,2
P09,378,0.1,chr16:31106910:C:T,chr16,31106910,C,T,VKORC1,1764,74,2,2
P09,378,0.1,chr16:31106911:C:T,chr16,31106911,C,T,VKORC1,1751,39,2,2
P09,378,0.1,chr17:4577955:G:A,chr17,4577955,G,A,AC091153.1,1584,62,2,2
P09,378,0.1,chr17:12663972:G:A,chr17,12663972,G,A,MYOCD,1344,50,2,2
P09,378,0.1,chr17:34249677:G:A,chr17,34249677,G,A,RDM1,1161,34,2,2
P09,378,0.1,chr17:61557775:C:T,chr17,61557775,C,T,ACE,818,48,2,2
P09,378,0.1,chr17:76510980:C:A,chr17,76510980,C,A,DNAH17,2324,79,2,2
P09,378,0.1,chr18:28993050:G:A,chr18,28993050,G,A,DSG4,1811,173,2,2
P09,378,0.1,chr19:35843182:C:T,chr19,35843182,C,T,FFAR1,1773,124,2,2
P09,378,0.1,chr19:46307734:C:T,chr19,46307734,C,T,RSPH6A,1207,56,2,2
P09,378,0.1,chr2:1926096:G:A,chr2,1926096,G,A,MYT1L,1897,0,2,2
P09,378,0.1,chr2:113783769:C:T,chr2,113783769,C,T,IL36B,1480,15,2,2
P09,378,0.1,chr2:169938062:G:A,chr2,169938062,G,A,DHRS9,3464,0,2,2
P09,378,0.1,chr2:179612258:C:T,chr2,179612258,C,T,TTN,1822,97,2,2
P09,378,0.1,chr20:17475228:C:G,chr20,17475228,C,G,BFSP1,1335,174,2,2
P09,378,0.1,chr20:33583295:G:A,chr20,33583295,G,A,MYH7B,2251,54,2,2
P09,378,0.1,chr20:40757461:G:A,chr20,40757461,G,A,PTPRT,3246,0,2,2
P09,378,0.1,chr3:131268886:G:A,chr3,131268886,G,A,CPNE4,2316,63,2,2
P09,378,0.1,chr3:184093315:C:T,chr3,184093315,C,T,THPO,3694,66,2,2
P09,378,0.1,chr3:184093316:C:T,chr3,184093316,C,T,THPO,3720,67,2,2
P09,378,0.1,chr4:20521064:C:T,chr4,20521064,C,T,SLIT2,1636,52,2,2
P09,378,0.1,chr4:40434856:G:A,chr4,40434856,G,A,RBM47,2583,147,2,2
P09,378,0.1,chr4:96761849:G:A,chr4,96761849,G,A,PDHA2,1786,67,2,2
P09,378,0.1,chr4:115767080:G:A,chr4,115767080,G,A,NDST4,2931,185,2,2
P09,378,0.1,chr4:157689026:A:C,chr4,157689026,A,C,PDGFC,2072,162,2,2
P09,378,0.1,chr4:187455610:C:T,chr4,187455610,C,T,MTNR1A,1949,96,2,2
P09,378,0.1,chr5:13769624:C:T,chr5,13769624,C,T,DNAH5,1473,72,2,2
P09,378,0.1,chr5:121786545:G:A,chr5,121786545,G,A,SNCAIP,1928,58,2,2
P09,378,0.1,chr6:31778449:G:A,chr6,31778449,G,A,HSPA1L,1149,28,2,2
P09,378,0.1,chr6:36930899:G:A,chr6,36930899,G,A,PI16,2830,178,2,2
P09,378,0.1,chr7:1488364:G:A,chr7,1488364,G,A,MICALL2,913,61,2,2
P09,378,0.1,chr7:100054505:G:A,chr7,100054505,G,A,C7orf61,3301,175,2,2
P09,378,0.1,chr7:100686452:C:T,chr7,100686452,C,T,MUC17,413,28,2,2
P09,378,0.1,chr7:140453136:A:T,chr7,140453136,A,T,BRAF,1846,114,2,2
P09,378,0.1,chr7:140453137:C:T,chr7,140453137,C,T,BRAF,1844,114,2,2
P09,378,0.1,chr7:155150364:C:T,chr7,155150364,C,T,BLACE,2049,64,2,2
P09,378,0.1,chr8:3224583:G:A,chr8,3224583,G,A,CSMD1,2259,66,2,2
P09,378,0.1,chr8:24259525:C:T,chr8,24259525,C,T,ADAMDEC1,2506,200,2,2
P09,378,0.1,chr8:35608131:C:T,chr8,35608131,C,T,UNC5D,2740,438,2,2
P09,378,0.1,chr8:39694663:C:T,chr8,39694663,C,T,ADAM2,670,84,2,2
P09,378,0.1,chr8:99960603:C:T,chr8,99960603,C,T,OSR2,527,94,2,2
P09,378,0.1,chr8:110437383:C:T,chr8,110437383,C,T,PKHD1L1,1146,152,2,2
P09,378,0.1,chr8:116616497:G:A,chr8,116616497,G,A,TRPS1,2370,505,2,2
P09,378,0.1,chr9:125438375:G:A,chr9,125438375,G,A,OR1L3,2676,160,2,2
P10,384,0.1,chr1:949425:C:T,chr1,949425,C,T,ISG15,7970,534,2,2
P10,384,0.1,chr1:17736535:G:A,chr1,17736535,G,A,RCC2,7995,376,2,2
P10,384,0.1,chr1:154185095:G:A,chr1,154185095,G,A,C1orf43,7885,710,2,2
P10,384,0.1,chr1:159273771:G:A,chr1,159273771,G,A,FCER1A,6583,303,2,2
P10,384,0.1,chr1:203317277:G:A,chr1,203317277,G,A,FMOD,7995,610,2,2
P10,384,0.1,chr1:227947039:C:T,chr1,227947039,C,T,SNAP47,7972,494,2,2
P10,384,0.1,chr1:241099988:C:T,chr1,241099988,C,T,RGS7,7986,655,2,2
P10,384,0.1,chr1:248756342:G:A,chr1,248756342,G,A,OR2T10,4365,280,2,2
P10,384,0.1,chr10:37508127:C:T,chr10,37508127,C,T,ANKRD30A,1650,122,2,2
P10,384,0.1,chr10:52570806:G:A,chr10,52570806,G,A,A1CF,7362,385,2,2
P10,384,0.1,chr11:117985972:G:A,chr11,117985972,G,A,TMPRSS4,7989,248,2,2
P10,384,0.1,chr12:16055887:C:T,chr12,16055887,C,T,STRAP,7998,120,2,2
P10,384,0.1,chr12:21028288:C:T,chr12,21028288,C,T,SLCO1B3,7681,169,2,2
P10,384,0.1,chr12:81568661:G:A,chr12,81568661,G,A,ACSS3,7994,216,2,2
P10,384,0.1,chr13:77531764:G:A,chr13,77531764,G,A,IRG1,7979,271,2,2
P10,384,0.1,chr14:77715210:C:T,chr14,77715210,C,T,TMEM63C,7962,175,2,2
P10,384,0.1,chr15:40662020:C:T,chr15,40662020,C,T,DISP2,7998,360,2,2
P10,384,0.1,chr15:100591903:G:A,chr15,100591903,G,A,ADAMTS17,7991,120,2,2
P10,384,0.1,chr16:2867829:C:T,chr16,2867829,C,T,PRSS21,875,46,2,2
P10,384,0.1,chr16:31106910:C:T,chr16,31106910,C,T,VKORC1,3553,64,2,2
P10,384,0.1,chr16:31106911:C:T,chr16,31106911,C,T,VKORC1,3495,32,2,2
P10,384,0.1,chr17:4577955:G:A,chr17,4577955,G,A,AC091153.1,7999,120,2,2
P10,384,0.1,chr17:12663972:G:A,chr17,12663972,G,A,MYOCD,7995,160,2,2
P10,384,0.1,chr17:34249677:G:A,chr17,34249677,G,A,RDM1,4320,186,2,2
P10,384,0.1,chr17:61557775:C:T,chr17,61557775,C,T,ACE,1451,142,2,2
P10,384,0.1,chr17:76510980:C:A,chr17,76510980,C,A,DNAH17,7928,381,2,2
P10,384,0.1,chr18:28993050:G:A,chr18,28993050,G,A,DSG4,7852,691,2,2
P10,384,0.1,chr19:35843182:C:T,chr19,35843182,C,T,FFAR1,4041,230,2,2
P10,384,0.1,chr19:46307734:C:T,chr19,46307734,C,T,RSPH6A,7974,263,2,2
P10,384,0.1,chr2:1926096:G:A,chr2,1926096,G,A,MYT1L,7848,235,2,2
P10,384,0.1,chr2:113783769:C:T,chr2,113783769,C,T,IL36B,7683,92,2,2
P10,384,0.1,chr2:169938062:G:A,chr2,169938062,G,A,DHRS9,7955,215,2,2
P10,384,0.1,chr2:179612258:C:T,chr2,179612258,C,T,TTN,7991,455,2,2
P10,384,0.1,chr20:17475228:C:G,chr20,17475228,C,G,BFSP1,7893,1032,2,2
P10,384,0.1,chr20:33583295:G:A,chr20,33583295,G,A,MYH7B,7990,320,2,2
P10,384,0.1,chr20:40757461:G:A,chr20,40757461,G,A,PTPRT,7033,63,2,2
P10,384,0.1,chr3:131268886:G:A,chr3,131268886,G,A,CPNE4,7997,224,2,2
P10,384,0.1,chr3:184093315:C:T,chr3,184093315,C,T,THPO,3339,104,2,2
P10,384,0.1,chr3:184093316:C:T,chr3,184093316,C,T,THPO,3373,0,2,2
P10,384,0.1,chr4:20521064:C:T,chr4,20521064,C,T,SLIT2,7439,0,2,2
P10,384,0.1,chr4:40434856:G:A,chr4,40434856,G,A,RBM47,7956,621,2,2
P10,384,0.1,chr4:96761849:G:A,chr4,96761849,G,A,PDHA2,3428,151,2,2
P10,384,0.1,chr4:115767080:G:A,chr4,115767080,G,A,NDST4,7994,456,2,2
P10,384,0.1,chr4:157689026:A:C,chr4,157689026,A,C,PDGFC,7933,333,2,2
P10,384,0.1,chr4:187455610:C:T,chr4,187455610,C,T,MTNR1A,7994,336,2,2
P10,384,0.1,chr5:13769624:C:T,chr5,13769624,C,T,DNAH5,6503,247,2,2
P10,384,0.1,chr5:121786545:G:A,chr5,121786545,G,A,SNCAIP,2431,148,2,2
P10,384,0.1,chr6:31778449:G:A,chr6,31778449,G,A,HSPA1L,7976,295,2,2
P10,384,0.1,chr6:36930899:G:A,chr6,36930899,G,A,PI16,7956,366,2,2
P10,384,0.1,chr7:1488364:G:A,chr7,1488364,G,A,MICALL2,7991,432,2,2
P10,384,0.1,chr7:100054505:G:A,chr7,100054505,G,A,C7orf61,7976,901,2,2
P10,384,0.1,chr7:100686452:C:T,chr7,100686452,C,T,MUC17,4303,383,2,2
P10,384,0.1,chr7:140453136:A:T,chr7,140453136,A,T,BRAF,7872,646,2,2
P10,384,0.1,chr7:140453137:C:T,chr7,140453137,C,T,BRAF,7886,647,2,2
P10,384,0.1,chr7:155150364:C:T,chr7,155150364,C,T,BLACE,7736,224,2,2
P10,384,0.1,chr8:3224583:G:A,chr8,3224583,G,A,CSMD1,7954,342,2,2
P10,384,0.1,chr8:24259525:C:T,chr8,24259525,C,T,ADAMDEC1,7888,1246,2,2
P10,384,0.1,chr8:35608131:C:T,chr8,35608131,C,T,UNC5D,2074,210,2,2
P10,384,0.1,chr8:39694663:C:T,chr8,39694663,C,T,ADAM2,5139,421,2,2
P10,384,0.1,chr8:99960603:C:T,chr8,99960603,C,T,OSR2,6975,1242,2,2
P10,384,0.1,chr8:110437383:C:T,chr8,110437383,C,T,PKHD1L1,646,81,2,2
P10,384,0.1,chr8:116616497:G:A,chr8,116616497,G,A,TRPS1,7986,1445,2,2
P10,384,0.1,chr9:125438375:G:A,chr9,125438375,G,A,OR1L3,7958,390,2,2
